date	player_name	from_team	to_team	transfer_type
20-06-2026	???? ???? ????	????	??????	?????? - ?????? ??
15-06-2026	???? ????????? ?????	??????	???? ?????	"?????? - 51,000,000  ???? ????????"
29-05-2026	?????? ??????	??????? ???????	???????	"?????? - 69,000,000  ???? ????????"
10/2/2026	???? ????	????	????????	?????? - ??? ?????
8/2/2026	????? ?????	????????	?????? ??????	?????? - ??? ?????
8/2/2026	????? ?????	???????? ???????	????	????? - ??? ?????
4/2/2026	???? ???????	???????	???????	?????? - ??? ?????
4/2/2026	????? ?????	???????	???????	?????? - ??? ?????
4/2/2026	???? ??? ??????	??????	Al-Karma SC	?????? - ??? ?????
3/2/2026	????? ????	????? ??????	??????? ????????	????? - ??? ?????
3/2/2026	????? ???? ????	????	?????? ??????	????? - ??? ?????
2/2/2026	??????? ??????	???????	??????? ?????	?????? - ??? ?????
2/2/2026	????? ?????? ?????	???????????? ???????	??????? ?????	?????? - ??? ?????
2/2/2026	??????? ????	???? ???????	???? ??????????	????? - ??? ?????
2/2/2026	???? ??????	???????	?????? ???????	?????? - ?????? ??
1/2/2026	???? ??? ??????	??????	FC Barcelona Atletic	????? - ??? ?????
30-01-2026	???? ????	???????? ?????????	????????? ?????	????? - ??? ?????
30-01-2026	???? ????????	??????	Ujpest FC	????? - ??? ?????
29-01-2026	???? ????	???????	??????	?????? - ??? ?????
29-01-2026	???? ???? ????	?????	????????? ?????	?????? - ??? ?????
29-01-2026	???? ????	??????	????????? ?????	????? - ??? ?????
25-01-2026	??? ?????? ????	????????	??????? ????????	????? - ??? ?????
24-01-2026	???? ??????	??????	???????? ?????????	????? - ??? ?????
22-01-2026	???? ????	???????	????????	?????? - ??? ?????
22-01-2026	???? ??????	?????? ???????	??????	?????? - ??? ?????
21-01-2026	???? ???	??????	??????	?????? - ??? ?????
21-01-2026	???? ???	??????	????? ??????	????? - ??? ?????
21-01-2026	???? ??????	????? ??????	??????	?????? - ??? ?????
20-01-2026	???? ???????	??????	???????? ?????????	????? - ??? ?????
19-01-2026	????? ?????	???????? ?????????	??????	????? - ??? ?????
19-01-2026	???? ????	??????? ?????	??????? ????	?????? - ??? ?????
19-01-2026	??? ???????	???? ???????	?????????	????? - ??? ?????
19-01-2026	??? ???? ??? ??????	??????	???????? ?????????	????? - ??? ?????
18-01-2026	??????? ????????	??????? ????	??????	????? - ??? ?????
17-01-2026	??? ?????	??????	???????? ????	????? - ??? ?????
16-01-2026	????? ????????	????	??????	????? - ??? ?????
16-01-2026	????? ????	??????	??????	????? - ??? ?????
15-01-2026	????? ?????	???? ????? ?????	??????	????? - ??? ?????
15-01-2026	???? ???? ???????	???? ??	????????? ?????	????? - ??? ?????
15-01-2026	???? ???? ????	????	????????? ?????	????? - ??? ?????
13-01-2026	???? ????  ????	??????	??????? ????????	????? - ??? ?????
13-01-2026	???? ???????	?????? ???????	???????	????? - ??? ?????
12/1/2026	????? ?????	????	????? ????	?????? - ??? ?????
12/1/2026	????? ????????	?????? ???????	??????	????? - ??? ?????
11/1/2026	????? ???? ?????	?????????	?????? ???????	?????? - ??? ?????
11/1/2026	???? ??? ??????	???????? ?????????	??????? ????????	????? - ??? ?????
11/1/2026	???? ????	????? ??????	??????? ????????	????? - ??? ?????
9/1/2026	???? ?????	?????	??????	?????? - ??? ?????
9/1/2026	???? ????	???????	?????? ???????	?????? - ?????? ??
9/1/2026	????? ??? ??????	????????	??????? ????????	?????? - ??? ?????
9/1/2026	?????? ??????	???????	??????? ????	"?????? - 64,000,000  ???? ????????"
8/1/2026	??? ?????? ????	????????	??????? ????????	????? - ??? ?????
3/1/2026	???? ???????	???????	????????	?????? - ??? ?????
25-12-2025	????????? ?????	???????	????? ????	?????? - ?????? ??
23-12-2025	??????	???? ?????	????	????? - ??? ?????
24-10-2025	???? ????	??????	?????? ???????	?????? - ?????? ??
9/9/2025	??????	?????	????????	?????? - ??? ?????
7/9/2025	??????? ????????	????? ??? ??????	???	?????? - ??? ?????
7/9/2025	???? ????????	???????	????????	?????? - ?????? ??
2/9/2025	?????? ????????	??????? ????	?????? ????	?????? - ??? ?????
2/9/2025	???? ????	?????????	??????? ???????	?????? - ??? ?????
2/9/2025	????? ?????	???????	????? ????	????? - ??? ?????
2/9/2025	????????? ????????	????? ??? ??????	??????? ????	????? - ??? ?????
2/9/2025	?????? ??????	??????? ????	???? ?????	????? - ??? ?????
2/9/2025	???? ????	??? ??? ???????	????????	?????? - ??? ?????
2/9/2025	???????	??????? ????	???????	?????? - ??? ?????
1/9/2025	????? ???????	???? ????????	??????	????? - ??? ?????
1/9/2025	???? ????????	???????	?????? ???????	?????? - ??? ?????
1/9/2025	?????? ????????	??????? ???????	????? ????	?????? - ?????? ??
1/9/2025	????? ??????	????? ??? ??????	???????	?????? - ??? ?????
1/9/2025	?????? ???????	??????? ???????	??????	????? - ??? ?????
1/9/2025	??????? ??????????	????	???????	?????? - ??? ?????
1/9/2025	??????? ????????	???????	??????? ?????	????? - ??? ?????
1/9/2025	???? ??????	????? ????	????????	????? - ??? ?????
1/9/2025	???? ?????	???????	??????	????? - ??? ?????
1/9/2025	??????? ????????	???????	??????	????? - ??? ?????
1/9/2025	????? ???????	?????	???????	?????? - ??? ?????
1/9/2025	???????	??????? ????	???????	?????? - ??? ?????
1/9/2025	??????? ????	??????? ???????	???????	"?????? - 125,000,000  ???? ????????"
30-08-2025	????????? ????????	??????? ???????	??????	"?????? - 40,000,000  ???? ????????"
30-08-2025	?????? ????????	??????????	??? ??? ???????	"?????? - 42,000,000  ???? ????????"
30-08-2025	??????? ??????	??????	??? ??? ???????	"?????? - 17,000,000  ????"
30-08-2025	??????? ??????	??????	????????	"?????? - 10,000,000  ????"
30-08-2025	?????? ??????	???????	????????? ?????	"?????? - 15,000,000  ????"
30-08-2025	???????? ?????	??????	?????	"?????? - 37,000,000  ????"
30-08-2025	??? ????????	????????	??????? ???????	"?????? - 85,000,000  ????"
29-08-2025	????? ??????	???????	??????? ???????	"?????? - 65,000,000  ????"
25-08-2025	???? ???????	?????	?????? ???????	?????? - ??? ?????
25-08-2025	???????? ??????	???? ?????	??????	????? - ??? ?????
24-08-2025	?????? ??????	????? ??? ??????	???????????? ?????	????? - ??? ?????
23-08-2025	???????? ????	??????? ?????	??????	"?????? - 67,000,000  ???? ????????"
23-08-2025	????? ?????	??????? ??????	???????? ???????	?????? - ?????? ??
21-08-2025	?????? ??????? ????	???????	?????????	?????? - ?????? ??
21-08-2025	???? ??????	???? ?????	???????	????? - ??? ?????
21-08-2025	??????? ????????	??????	???? ?????????	"?????? - 2,500,000  ????"
21-08-2025	???? ????	???? ????????	???????	"?????? - 25,000,000  ???? ????????"
21-08-2025	??? ???????	?????	???? ???????	"?????? - 18,000,000  ???? ????????"
19-08-2025	?????? ???????	????? ??????	???????????? ???????	?????? - ??? ?????
18-08-2025	????? ???????	????	???? ???????	????? - ??? ?????
18-08-2025	????? ??????????	???	????????? ?????	?????? - ??? ?????
17-08-2025	?????? ???????	???? ?????	???????	?????? - ??? ?????
17-08-2025	????? ?????? ??????	????? ??? ??????	????????	?????? - ??? ?????
13-08-2025	???? ????	?????	??????? ???????	?????? - ??? ?????
12/8/2025	?????? ??????	?????? ????	??????? ????	?????? - ??? ?????
12/8/2025	??? ??????	??????	????????	?????? - ??? ?????
12/8/2025	??? ?????	??????? ????	???????	????? - ??? ?????
12/8/2025	???? ??????	???????	????? ??? ??????	?????? - ??? ?????
10/8/2025	???? ???????	??????	????????	?????? - ??? ?????
10/8/2025	????? ????????	???	????? ??? ??????	?????? - ??? ?????
10/8/2025	?????? ????????	???????	?????	?????? - ??? ?????
9/8/2025	??????? ?????	???????	??????? ???????	"?????? - 74,000,000  ???? ????????"
8/8/2025	?????? ?????	????????	????	"?????? - 6,000,000  ????"
8/8/2025	???? ?????	??????? ???????	??????? ???? ????	????? - ??? ?????
8/8/2025	????? ??????	???????	??????	?????? - ?????? ??
7/8/2025	????? ???	??????	????????	?????? - ??? ?????
7/8/2025	????? ????	???? ??	????????	?????? - ??? ?????
6/8/2025	????? ???????	???????	????? ??????	?????? - ??? ?????
6/8/2025	???? ?????	???????	?????	?????? - ??? ?????
6/8/2025	?????? ???	???????	????????	????? - ??? ?????
6/8/2025	????? ?????	???? ????	?????	?????? - ??? ?????
6/8/2025	??? ????	??????	????? ??????	????? - ??? ?????
6/8/2025	????? ?????	??????	???? ????? ?????	????? - ??? ?????
6/8/2025	?????? ??????? ???	??????	???????	"?????? - 28,000,000  ???? ????????"
6/8/2025	???? ????	????? ?????	???????? ?????????	?????? - ?????? ??
5/8/2025	????? ????	???????? ?????????	??????? ????????	????? - ??? ?????
5/8/2025	????? ??????	???????	????	?????? - ??? ?????
5/8/2025	?????? ?????	?????	??????? ????????	?????? - ??? ?????
5/8/2025	???? ???????????	??????	????????	?????? - ??? ?????
5/8/2025	???????? ?????	??? ??? ???????	????????	?????? - ?????? ??
5/8/2025	????? ???	?????	?????????	?????? - ??? ?????
4/8/2025	??????? ?????	???????????? ???????	???? ????????	?????? - ??? ?????
4/8/2025	????	???????? ?????????	??????	?????? - ??? ?????
3/8/2025	???? ???????	????? ?????	??????? ???????	????? - ??? ?????
3/8/2025	?????? ????????	???????	?????	?????? - ??? ?????
3/8/2025	???? ??? ??????	????	????	????? - ??? ?????
2/8/2025	??? ?????	??????	????????	?????? - ?????? ??
2/8/2025	???? ????	??????? ????????	????????? ?????	?????? - ?????? ??
31-07-2025	????? ????	???????	????? ??????	?????? - ??? ?????
31-07-2025	??? ?????	??????? ????????	????????? ?????	?????? - ??? ?????
31-07-2025	????? ?????? ?????????	????????	????????	?????? - ?????? ??
31-07-2025	???? ??? ????	??????	???????	?????? - ?????? ??
31-07-2025	??? ??????	?????	?????? ???????????	????? - ??? ?????
30-07-2025	?????? ??????	??????	?????? ????	"?????? - 75,000,000  ????"
30-07-2025	????? ????	?????	????????? ?????	?????? - ?????? ??
30-07-2025	???? ????	???????	????? ?????	"?????? - 70,000,000  ????"
29-07-2025	???? ???????	??????	??????? ????	?????? - ??? ?????
29-07-2025	???? ???? ????	????? ??????	???????	?????? - ??? ?????
29-07-2025	????? ???????	?????	??????	?????? - ??? ?????
29-07-2025	???? ??????	??????	?????	?????? - ??? ?????
28-07-2025	???? ????????	?????? ???????	????????	?????? - ?????? ??
28-07-2025	???? ????	???? ??	???? ????	?????? - ??? ?????
28-07-2025	???? ??????? ????	???? ??	???????	?????? - ??? ?????
27-07-2025	???? ????????	????? ??????	??? ??????	?????? - ??? ?????
27-07-2025	??? ???	????? ???????	???? ????? ?????	?????? - ?????? ??
27-07-2025	???? ??????	???? ?????	????????	"?????? - 3,000,000  ????"
26-07-2025	?????? ???????	??????? ??????	??????	?????? - ??? ?????
26-07-2025	??????? ?? ???	??????? ?????	???? ?????	????? - ??? ?????
26-07-2025	???? ????	?????	??????	?????? - ??? ?????
26-07-2025	???? ??? ??? ??????	??????	?????	????? - ??? ?????
26-07-2025	?????? ??????	??????????	??????	?????? - ??? ?????
26-07-2025	???? ??? ???	??????	Columbus Crew	"?????? - 7,500,000  ????? ??????"
24-07-2025	???? ????? ????	?????	???????	?????? - ??? ?????
24-07-2025	??? ????	??????? ????	???? ??????	?????? - ?????? ??
23-07-2025	?????? ???????	???? ???	????	"?????? - 7,000,000  ????"
23-07-2025	???? ?????	???????? ?????????	???????	?????? - ??? ?????
23-07-2025	???? ???????	??????	???????? ?????????	?????? - ?????? ??
23-07-2025	???? ????	???????	??????? ????	?????? - ?????? ??
23-07-2025	?????? ???????	??????? ???????	???????	????? - ??? ?????
22-07-2025	??????? ????	????????	???? ???????	?????? - ??? ?????
21-07-2025	????? ??????	?????????	??????? ???????	?????? - ??? ?????
20-07-2025	???? ???? ??????	??????	???????? ?????????	?????? - ??? ?????
20-07-2025	??? ?????? ??????	??????	??????? ????????	?????? - ??? ?????
19-07-2025	???? ????	??? ??????	?????	????? - ??? ?????
18-07-2025	?????? ????????	????????? ?????	????????	"?????? - 25,000,000  ????"
18-07-2025	????? ????? ??????	??????? ????	????????	????? - ??? ?????
18-07-2025	???? ??????	??????	??????	"?????? - 52,000,000  ???? ????????"
18-07-2025	????? ????	??????	????? ????	????? - ??? ?????
17-07-2025	?????? ????	????? ?????	???? ????? ?????	?????? - ?????? ??
16-07-2025	????? ?????????	??????	???????	"?????? - 25,000,000  ???? ????????"
16-07-2025	??? ????????	???????	???????	?????? - ??? ?????
16-07-2025	???? ???????	???? ?????	??????? ?????	?????? - ??? ?????
15-07-2025	????? ?????	??? ??????	???? ????? ?????	?????? - ??? ?????
15-07-2025	???? ????	?????	???????	?????? - ??? ?????
14-07-2025	???? ????	???????? ?????????	??????	?????? - ??? ?????
14-07-2025	???? ???????	???? ?????	?????	?????? - ?????? ??
14-07-2025	???? ????	?????	???????	?????? - ??? ?????
14-07-2025	???? ??????	?? ?? ????????	???????	?????? - ??? ?????
13-07-2025	????? ????	?????	??????	?????? - ??? ?????
13-07-2025	???? ??????	??????? ????????	???????	?????? - ?????? ??
13-07-2025	???? ???? ??????	??????	???????? ?????????	????? - ??? ?????
13-07-2025	???? ??? ??????	??????	???????? ?????????	?????? - ?????? ??
12/7/2025	???? ?????	??????? ????????	???????? ?????????	?????? - ??? ?????
11/7/2025	????????	???? ?????????????	?????	?????? - ??? ?????
10/7/2025	??? ?????????	?????	?????? ???????	"?????? - 30,000,000  ????"
10/7/2025	???? ????	????? ?????	????? ??????	?????? - ??? ?????
6/7/2025	??? ?????	?????	???????	????? - ??? ?????
6/7/2025	????? ?????????	???? ????????	??????	?????? - ??? ?????
5/7/2025	???? ??????	???????	???? ????????	?????? - ??? ?????
5/7/2025	???? ???? ?????	??????? ????????	??????	"?????? - 48,000,000  ???? ????????"
5/7/2025	????? ?????	????????	????????? ?????	"?????? - 10,000,000  ???? ????????"
3/7/2025	????? ??????	????	????? ??????	?????? - ??? ?????
3/7/2025	???? ?????	?????? ??????? ?????????	??????	?????? - ??? ?????
3/7/2025	???? ????	????? ?????	????? ??????	?????? - ??? ?????
2/7/2025	???? ????	??????	??????	?????? - ?????? ??
2/7/2025	???? ??????	??? ??????	????? ??????	?????? - ??? ?????
2/7/2025	???? ???? ?? ????	??? ??????	????? ??????	?????? - ??? ?????
2/7/2025	??? ??????	??????	??????	????? - ??? ?????
2/7/2025	????????? ?????	???????	??????? ?????	"?????? - 45,000,000  ????"
2/7/2025	???? ?????	???????	??????	"?????? - 63,000,000  ????"
2/7/2025	??? ??????	????? ?????	?????? ???????????	?????? - ??? ?????
1/7/2025	???? ???? ???	????	????? ??????	?????? - ??? ?????
30-06-2025	????? ??? ?????? ???	???? ????? ?????	??????? ????????	?????? - ?????? ??
29-06-2025	???? ????	??????????	???? ????? ?????	?????? - ??? ?????
28-06-2025	???? ???? ????	?????	???? ?????	"?????? - 25,000,000  ????"
28-06-2025	???? ???????	???????	???? ????? ?????	?????? - ??? ?????
27-06-2025	???? ??? ???	????? ??????	???? ????? ?????	?????? - ??? ?????
25-06-2025	???? ??????	???????? ?????????	??????	?????? - ??? ?????
22-06-2025	????? ??????	???????	???????	"?????? - 40,000,000  ???? ????????"
20-06-2025	??????? ?????	???? ????????	???????	"?????? - 100,000,000  ???? ????????"
12/6/2025	???? ?????	??????	??????	?????? - ?????? ??
12/6/2025	???? ?? ?????	??????? ????	??????	?????? - ??? ?????
11/6/2025	????? ??????	?????	??????? ????	?????? - ??? ?????
6/6/2025	???? ??? ????	???????	??????	?????? - ?????? ??
5/6/2025	???? ????? ??????	???????? ?????????	??????	????? - ??? ?????
4/6/2025	??? ?????	???? ???	?????? ???????	?????? - ??? ?????
3/6/2025	?????? ??????	???????	?????????	?????? - ??? ?????
3/6/2025	???? ??? ?? ?????	???? ?????????????	??????	?????? - ??? ?????
2/6/2025	???? ?????	??????	?????	?????? - ?????? ??
1/6/2025	?????? ?????	???????????? ???????	??????? ???????	?????? - ??? ?????
30-05-2025	?????? ????????	???? ????????	???????	"?????? - 35,000,000  ????"
30-05-2025	????? ???????	???????	???? ?????	?????? - ?????? ??
17-05-2025	???? ??????	???????	???? ?????	"?????? - 50,000,000  ???? ????????"
8/2/2025	???? ??? ????	????????	???????? ?????????	????? - ??? ?????
7/2/2025	???? ????	???????? ?????????	??????? ????????	?????? - ??? ?????
5/2/2025	????? ?????	????? ??????	??????? ????????	????? - ??? ?????
5/2/2025	???? ????	??????	??????? ????????	????? - ??? ?????
3/2/2025	????? ??????	????? ??? ??????	????? ????	????? - ??? ?????
3/2/2025	???? ??????	??????	????? ????	????? - ??? ?????
3/2/2025	?????? ???????	???? ????	???????????? ???????	?????? - ??? ?????
3/2/2025	?????? ????	????	??????	????? - ??? ?????
3/2/2025	?????? ???????	???????	?????????	????? - ??? ?????
3/2/2025	?? ???????	??????	??????? ?????	????? - ??? ?????
3/2/2025	???? ??????	??????	?????	????? - ??? ?????
3/2/2025	????? ???	????? ?????	??????? ???????	????? - ??? ?????
3/2/2025	???? ????????	?????	??????? ????	?????? - ??? ?????
3/2/2025	????? ??????	?????	?? ?? ?????	????? - ??? ?????
3/2/2025	??????? ?? ????	?????	????????	????? - ??? ?????
3/2/2025	????? ??????????	??????	??????? ????????	????? - ??? ?????
3/2/2025	?????? ???????	???????	?????????	????? - ??? ?????
3/2/2025	????? ????????	?????	???????	????? - ??? ?????
3/2/2025	???????? ?????	?????????	??????	????? - ??? ?????
3/2/2025	????? ????????????	????? ????	???????	????? - ??? ?????
3/2/2025	????? ????????	?????? ????	???????? ?????????	?????? - ??? ?????
3/2/2025	????? ??????????	??????	??????? ????????	????? - ??? ?????
3/2/2025	???? ???????	????????	???	?????? - ??? ?????
2/2/2025	???? ????	??????	???????	?????? - ??? ?????
2/2/2025	?????? ???????	??????? ???????	????? ????	????? - ??? ?????
2/2/2025	??????? ??????	??????	??????	?????? - ??? ?????
2/2/2025	??? ?????? ??????	???????? ?????????	??????	?????? - ??? ?????
2/2/2025	?????? ??????	?????	?????? ????	????? - ??? ?????
2/2/2025	?????? ?????	?????	??????? ???????	?????? - ??? ?????
2/2/2025	????? ????	?????	???????	?????? - ??? ?????
2/2/2025	????? ?????	????	??????? ???????	????? - ??? ?????
1/2/2025	???? ????	???????	??????	????? - ??? ?????
30-01-2025	???? ???	?????	???? ????? ?????	?????? - ??? ?????
30-01-2025	???? ??????	??????	??????	?????? - ?????? ??
28-01-2025	??????? ???????	?????	???????	?????? - ??? ?????
27-01-2025	????? ??? ????????	??????	??????	?????? - ??? ?????
26-01-2025	???? ???	???????	??????	?????? - ??? ?????
24-01-2025	???? ????	????????	???????? ?????????	?????? - ??? ?????
24-01-2025	???? ????	??????? ????	?????	????? - ??? ?????
23-01-2025	?????? ???? ?????	????? ??? ??????	???????	????? - ??? ?????
23-01-2025	????? ?????	??????	??????? ??????	????? - ??? ?????
23-01-2025	??? ?????	???????? ?????????	??????? ????	"?????? - 75,000,000  ????"
20-01-2025	??? ?????? ???????	????	??????? ????	?????? - ??? ?????
19-01-2025	?????? ??????	??????? ???????	???? ?????	????? - ??? ?????
19-01-2025	????????? ????	??????? ????????	??? ??????	????? - ??? ?????
18-01-2025	?????? ??????	??????	???????	????? - ??? ?????
17-01-2025	?????? ????????????	??????	????? ??? ??????	?????? - ??? ?????
16-01-2025	???? ????	????? ??????	???? ????? ?????	?????? - ??? ?????
14-01-2025	????? ?????	??????? ????????	????? ????	?????? - ??? ?????
13-01-2025	???? ?????	???????	???????	????? - ??? ?????
13-01-2025	???????? ???????	???????	???? ????? ????	????? - ??? ?????
13-01-2025	???? ???????	???????	???????	????? - ??? ?????
13-01-2025	??????? ???????	????	??????? ????	?????? - ??? ?????
13-01-2025	????? ???	??????	???? ???	????? - ??? ?????
13-01-2025	???? ??? ????	??? ???	??????	?????? - ?????? ??
7/1/2025	???? ????	??????	????	?????? - ??? ?????
7/1/2025	???? ??????	???????	????????	?????? - ?????? ??
5/1/2025	??? ???????	???????	??????? ????	????? - ??? ?????
4/1/2025	???? ????? ????	????????	??????? ????????	????? - ??? ?????
4/1/2025	??? ????	???? ????????	???????	????? - ??? ?????
3/1/2025	???? ???????	????? 05	??? ??? ????????	????? - ??? ?????
2/1/2025	????? ????	???? ????	??????	?????? - ?????? ??
2/1/2025	???? ????	?????	??????? ????????	?????? - ??? ?????
23-10-2024	???? ????	????????? ?????	?????	????? - ??? ?????
15-10-2024	???? ?????	??????	???????? ?????????	?????? - ??? ?????
9/10/2024	???? ?????	????? ?????	??????	?????? - ?????? ??
8/10/2024	????? ????????? ?????	????????	???????? ?????????	????? - ??? ?????
8/10/2024	????? ?????	????????	???????? ?????????	????? - ??? ?????
8/10/2024	????? ????	????????	???????? ?????????	????? - ??? ?????
8/10/2024	????????? ????	????	???? ??	?????? - ?????? ??
5/10/2024	???? ????	???????	???? ??	?????? - ??? ?????
3/10/2024	???? ???? ????	??????? ????????	???? ??	?????? - ?????? ??
3/10/2024	??? ??????? ?????	???????	????? ??????	????? - ??? ?????
2/10/2024	???? ??????	???????? ?????????	????????	????? - ??? ?????
2/10/2024	???? ????	???????	???? ??	?????? - ??? ?????
2/10/2024	?????? ??????	???? ????	???????	?????? - ?????? ??
25-09-2024	???? ????	??????	???? ??	?????? - ??? ?????
12/9/2024	???? ????	???????? ?????????	??????	?????? - ??? ?????
9/9/2024	???? ????	?????	??????? ????????	?????? - ??? ?????
9/9/2024	???? ????	????	???????	????? - ??? ?????
9/9/2024	????? ???????	???????	???????	????? - ??? ?????
8/9/2024	????? ?????	??????	??????? ????????	?????? - ?????? ??
8/9/2024	???? ????	?????	????????	?????? - ??? ?????
7/9/2024	??? ?????? ????	??????????	????????	?????? - ??? ?????
7/9/2024	???? ????	????????? ?????	??? ??????	?????? - ??? ?????
6/9/2024	???? ?????	????? ??????	????? ?????	?????? - ?????? ??
6/9/2024	???? ???????	??????????	????? ?????	?????? - ?????? ??
6/9/2024	???? ??????? ??????	???????	????????	?????? - ?????? ??
6/9/2024	???? ????	????????	????? ?????	?????? - ?????? ??
5/9/2024	??????? ????	???? ??	??????? ????????	????? - ??? ?????
4/9/2024	?? ????? ??????	????????	???????????? ?????	????? - ??? ?????
4/9/2024	???? ????	????????	??????? ????????	?????? - ?????? ??
4/9/2024	????????? ????	????????? ?????	??????? ????????	?????? - ??? ?????
3/9/2024	?????? ??????	??????	?????? ????	????? - ??? ?????
3/9/2024	????? ??? ????????	??????? ????	??????	????? - ??? ?????
3/9/2024	???? ????	????????? ?????	??????? ????????	?????? - ?????? ??
3/9/2024	???? ???? ????	????? ?????	??????? ????????	?????? - ??? ?????
3/9/2024	??? ??????	????	??????? ????????	????? - ??? ?????
2/9/2024	???? ????????	????	???????	?????? - ??? ?????
2/9/2024	?????? ?????	????? ??? ??????	???????	?????? - ??? ?????
2/9/2024	???? ?????	????	???????	?????? - ??? ?????
2/9/2024	??????	??????	??????????	?????? - ?????? ??
2/9/2024	???? ???? ?????	????? ??????	??????	?????? - ?????? ??
2/9/2024	???? ????	??????????	??????	?????? - ?????? ??
2/9/2024	???? ???????	??????? ????????	??????	?????? - ?????? ??
2/9/2024	????? ???????	??????? ?????	????	?????? - ?????? ??
2/9/2024	???? ??????	???????	?????? ???????	????? - ??? ?????
2/9/2024	??? ?????? ????????	????	????? ??????	?????? - ??? ?????
2/9/2024	???? ?????	??????????	??????	?????? - ??? ?????
2/9/2024	????? ????	????? ?????	??????	?????? - ??? ?????
2/9/2024	???? ???????	???????	?????	?????? - ??? ?????
2/9/2024	????? ?????	????	??????? ????????	????? - ??? ?????
2/9/2024	??? ??????	??????????	??????	?????? - ??? ?????
31-08-2024	???? ??? ????	??????????	??? ???	?????? - ?????? ??
30-08-2024	???? ???????	??????	??????????	"?????? - 25,000,000  ???? ????????"
30-08-2024	???? ????????	????? ????	???????	????? - ??? ?????
30-08-2024	?????? ???????	????? ??? ??????	??????? ???????	"?????? - 50,000,000  ????"
30-08-2024	???? ?????????	??????? ???????	??????	"?????? - 30,000,000  ???? ????????"
29-08-2024	???? ?????????	??????	???	?????? - ??? ?????
29-08-2024	?????? ??????	??????	??????	?????? - ??? ?????
29-08-2024	???????? ?????	???????	???????	?????? - ??? ?????
29-08-2024	???? ???? ???	?????	??? ??????	?????? - ??? ?????
28-08-2024	???? ???????????	???????	???????	"?????? - 51,000,000  ????"
28-08-2024	?????? ??????	??????????	???????	"?????? - 16,000,000  ???? ????????"
28-08-2024	?????? ??????	???????	????? ????	?????? - ?????? ??
28-08-2024	???? ????	?????	??????	?????? - ??? ?????
27-08-2024	????? ?????	??????	?????	????? - ??? ?????
27-08-2024	???? ???????	??????? ????	?????? ???????	?????? - ??? ?????
27-08-2024	????? ?????	???? ????????	??????	"?????? - 27,400,000  ????"
27-08-2024	???? ?????????	?????? ???????	????	"?????? - 3,000,000  ????"
26-08-2024	???? ???????	???????? ?????????	????? ??????	?????? - ??? ?????
26-08-2024	???? ????????	???? ?????	???????	?????? - ?????? ??
26-08-2024	???? ???? ????	???????? ?????????	????? ??????	?????? - ??? ?????
25-08-2024	??????? ????????	?????????	???????	?????? - ??? ?????
23-08-2024	????? ??????	???????	??????? ????	?????? - ?????? ??
23-08-2024	???? ?????	??????	???? ??????	????? - ??? ?????
23-08-2024	????? ????????	???? ?????	????	????? - ??? ?????
23-08-2024	?????? ????????	???????	??????? ????	?????? - ?????? ??
22-08-2024	?????? ??????	??????	???? ??????	????? - ??? ?????
22-08-2024	????? ????????	??????	???????	"?????? - 22,000,000  ????"
21-08-2024	???? ??????	?????	???????	"????? - 3,000,000  ????"
21-08-2024	??????? ????????	??????? ???????	???????????? ?????	?????? - ??? ?????
21-08-2024	???? ????	??????????	?????????	"?????? - 12,000,000  ????"
21-08-2024	????? ??????	??????	??????? ?????	"?????? - 34,000,000  ????"
21-08-2024	??????? ??????	???????	?????	????? - ??? ?????
21-08-2024	???? ??????	??????? ?????	??????	"?????? - 46,000,000  ???? ????????"
19-08-2024	???? ???? ??? ??????	??????	???	????? - ??? ?????
18-08-2024	?????? ???????	???????	??????	????? - ??? ?????
18-08-2024	????? ????????	????????	???????	????? - ??? ?????
18-08-2024	???? ????	???	???????? ?????????	????? - ??? ?????
18-08-2024	?????? ???????	??????	????????	?????? - ??? ?????
18-08-2024	????? ????	???????	swehly sports club	?????? - ?????? ??
18-08-2024	???? ????	??????? ????????	????? ??????	?????? - ??? ?????
17-08-2024	??????? ???	???	????? ??? ??????	?????? - ??? ?????
16-08-2024	????? ?????	??????? ????	??????? ????	????? - ??? ?????
13-08-2024	???? ??????	????? ?????	??????? ???????	?????? - ??? ?????
13-08-2024	?????? ?? ????	????? ?????	??????? ???????	?????? - ??? ?????
13-08-2024	???? ??? ??????	??????? ???????	??? ??? ???????	"?????? - 15,000,000  ???? ????????"
13-08-2024	???? ????	????	????????	"?????? - 25,000,000  ????"
13-08-2024	????? ???????	??????? ?????	????? ???????	?????? - ?????? ??
13-08-2024	????? ?????	???? ?????	???????	"?????? - 4,000,000  ????"
13-08-2024	??? ????	????? ??? ??????	??????	????? - ??? ?????
13-08-2024	?????? ??????	???????	???????	"?????? - 10,000,000  ????"
12/8/2024	?????? ???????	??????? ????	??????? ?????	?????? - ??? ?????
11/8/2024	????? ????	???????????? ???????	??????	?????? - ??? ?????
10/8/2024	???? ???? ????	Sochi fc	??????	????? - ??? ?????
10/8/2024	??????? ???????	???????	??????? ???????	?????? - ??? ?????
9/8/2024	?? ???	???? ????	?????????	?????? - ?????? ??
9/8/2024	????? ??????????	????	?????????	????? - ??? ?????
9/8/2024	??????? ?????	????? ????	??????????	"?????? - 15,000,000  ???? ????????"
7/8/2024	????????? ???????? ????????	??????? ????????	?????? ??????	?????? - ??? ?????
5/8/2024	??????? ?????????	???? ???????	???????	?????? - ??? ?????
4/8/2024	??????? ????	??????? ????	???????	?????? - ??? ?????
3/8/2024	???? ?? ??????	???? ????????	??????? ?????	?????? - ??? ?????
30-07-2024	???? ?????	??????	???? ???????	?????? - ?????? ??
29-07-2024	??????? ?????????	???????	??????	?????? - ??? ?????
22-07-2024	????? ??????	???????	????? ????	?????? - ??? ?????
22-07-2024	???? ??????	?????? ???????	???????	?????? - ?????? ??
21-07-2024	???? ?????	???????	Neom SC	?????? - ?????? ??
19-07-2024	???? ??????	??????	????????	????? - ??? ?????
19-07-2024	?????? ??????	??????? ?????	?????	"?????? - 15,000,000  ????"
18-07-2024	???? ????	???	??????? ???????	?????? - ??? ?????
17-07-2024	???? ???? ????	??????	??????	????? - ??? ?????
17-07-2024	??????? ??????????	?????????	??????	?????? - ?????? ??
16-07-2024	???? ????? ????????	???? ???	???????	????? - ??? ?????
14-07-2024	????? ??????	???????	??????? ???????	?????? - ??? ?????
10/6/2024	?????????	???????	Neom SC	?????? - ?????? ??
3/6/2024	?????? ?????	????? ??? ??????	???? ?????	?????? - ?????? ??
5/2/2024	???? ????	????	???????	?????? - ??? ?????
5/2/2024	???? ?????	????? ?????	???????	?????? - ??? ?????
5/2/2024	??? ????? ????	????????	???????	?????? - ??? ?????
5/2/2024	??????? ???? ????	???????	????? ??????	?????? - ?????? ??
4/2/2024	????? ???????	????????	??????	????? - ??? ?????
4/2/2024	??? ?????? ?? ?????	????? ??????	??? ??????	?????? - ??? ?????
3/2/2024	???? ????	????????	???????	?????? - ??? ?????
3/2/2024	??????? ??????	????????	???????	?????? - ??? ?????
1/2/2024	??? ?????? ????????	????? ??????	????	????? - ??? ?????
31-01-2024	???? ??????	??? ??????	???? ??	?????? - ??? ?????
31-01-2024	????? ?????????	?????	????????? ?????	?????? - ?????? ??
31-01-2024	????? ??????	??????????	????????? ?????	?????? - ?????? ??
31-01-2024	???? ????	???????? ?????????	????????? ?????	?????? - ??? ?????
31-01-2024	????? ????????	???????? ?????????	????????? ?????	????? - ??? ?????
31-01-2024	??????? ????	???????	???? ????? ??????	????? - ??? ?????
31-01-2024	??? ????	???????	???? ????? ??????	????? - ??? ?????
31-01-2024	???? ??????	???????	???? ????? ??????	?????? - ??? ?????
31-01-2024	???? ????	???? ????? ??????	???????	?????? - ??? ?????
31-01-2024	???? ??????	???? ?????? ???? ??????	????? ??????	?????? - ?????? ??
30-01-2024	???????? ??????	?????	????? ??????	????? - ??? ?????
29-01-2024	???? ????	??????	??????	?????? - ?????? ??
28-01-2024	???? ???	?????? ????	????? ?????	?????? - ??? ?????
26-01-2024	???? ????	???????? ?????????	????? ??????	????? - ??? ?????
25-01-2024	????? ????????? ?????	???????? ?????????	????????	?????? - ??? ?????
25-01-2024	????? ????	??????	????????	?????? - ??? ?????
16-01-2024	???? ??? ?????	???????	????? ??????	?????? - ??? ?????
16-01-2024	????????? ????????	???????? ?????????	???? ??	?????? - ??? ?????
16-01-2024	????? ????	???????? ?????????	???? ??	?????? - ??? ?????
16-01-2024	???? ????	???????? ?????????	???? ??	?????? - ??? ?????
16-01-2024	???? ???????	?????	???? ??	?????? - ??? ?????
15-01-2024	??????? ????	?????	???? ??	?????? - ??? ?????
12/1/2024	???? ???? ?????	??????	???? ????? ??????	????? - ??? ?????
12/1/2024	??? ?????? ?????	??????	???? ????? ??????	????? - ??? ?????
12/1/2024	???? ?????	??????	???? ????? ??????	????? - ??? ?????
12/1/2024	??? ???? ??? ??????	???? ????? ??????	??????	?????? - ??? ?????
11/1/2024	????? ?????	??????? ???????	??????? ????????	????? - ??? ?????
9/1/2024	???? ?????	???????	??????? ???????	????? - ??? ?????
6/1/2024	??? ?????? ?????	????????	????? ??????	?????? - ??? ?????
14-09-2023	??? ?????	??????????	??????? ????????	?????? - ??? ?????
14-09-2023	???? ????	??????	???? ??	????? - ??? ?????
13-09-2023	???? ??????	???? ???????	??????	?????? - ?????? ??
13-09-2023	????? ????	????????	???? ??	????? - ??? ?????
13-09-2023	????? ?????	?????	??????	?????? - ??? ?????
12/9/2023	?????? ??????	??????? ????????	??????	?????? - ?????? ??
8/9/2023	??? ????	??????	??	?????? - ??? ?????
7/9/2023	???? ??????	???? ?????	???????	?????? - ??? ?????
7/9/2023	?????? ????	???????	???????	?????? - ??? ?????
7/9/2023	???? ???	??? ??????	???? ??	?????? - ??? ?????
6/9/2023	???????? ??????	?????	??	?????? - ??? ?????
5/9/2023	???? ????	??????? ????????	????????? ?????	????? - ??? ?????
5/9/2023	????? ?????	???????	??????? ????????	?????? - ??? ?????
4/9/2023	????? ???????	??????? ?????	??????	?????? - ??? ?????
4/9/2023	???? ????	???????	???	?????? - ??? ?????
4/9/2023	?????? ?????	????? ??? ??????	???????	?????? - ?????? ??
3/9/2023	??????? ???????	?????? ???????	???????	?????? - ??? ?????
2/9/2023	??? ?????	???????	?????????	????? - ??? ?????
2/9/2023	??? ???????	??????	??????? ?????	"?????? - 4,000,000  ???? ????????"
2/9/2023	????? ????? ???????	??????	????? ????	????? - ??? ?????
2/9/2023	?????? ??????	????????? ?????	??????? ???????	"?????? - 45,000,000  ???? ????????"
2/9/2023	????? ??????	???????	??????	????? - ??? ?????
2/9/2023	??? ????? ????????	???????	???? ?????	"?????? - 7,500,000  ????"
2/9/2023	???? ???????	??????? ????	???????	????? - ??? ?????
2/9/2023	???? ??????	??????? ?????	???????	????? - ??? ?????
2/9/2023	????? ??????	?????????	??????? ???????	????? - ??? ?????
1/9/2023	???? ?????	??????? ????	?????? ???????	????? - ??? ?????
1/9/2023	??????? ????	???????	???????	????? - ??? ?????
1/9/2023	?????? ????????	??????? ???????	??????? ???????	????? - ??? ?????
1/9/2023	?????? ??????	???????	????? ????	????? - ??? ?????
1/9/2023	?????? ?????	???????????? ???????	??????? ????	"?????? - 53,000,000  ???? ????????"
1/9/2023	??? ?????	??????? ????	??????	"?????? - 40,000,000  ???? ????????"
1/9/2023	???? ??????	?????????	?????	?????? - ?????? ??
1/9/2023	???? ??????	????? ??? ??????	??????	????? - ??? ?????
1/9/2023	?????? ????????	???? ?????	???? ????????	?????? - ??? ?????
1/9/2023	???? ???????????	????? ?????	???????	"?????? - 40,000,000  ????"
1/9/2023	????? ?????	??????? ???????	????????	????? - ??? ?????
1/9/2023	???? ????	??????? ????????	??????	?????? - ?????? ??
31-08-2023	?????? ??????	??????	????	????? - ??? ?????
31-08-2023	???? ?????	??? ??????	????????	?????? - ??? ?????
30-08-2023	??????? ??????	????? ?????	???? ?????	?????? - ??? ?????
26-08-2023	??? ????? ?? ????	????????	??????	?????? - ?????? ??
24-08-2023	??????? ??????	??????? ????	?????	?????? - ??? ?????
22-08-2023	??????	?????	?????	?????? - ??? ?????
21-08-2023	???? ??????	??????	?????? ???????	?????? - ??? ?????
20-08-2023	???? ????	??????	??	?????? - ??? ?????
20-08-2023	????? ??? ?????	??????	??????? ????????	?????? - ?????? ??
19-08-2023	???????? ?????????	??????	?????? ???????	?????? - ??? ?????
16-08-2023	????? ??????????	???????	???? ?????	????? - ??? ?????
16-08-2023	??? ????	????????? ?????	???????	?????? - ??? ?????
16-08-2023	???? ???? ?????	????? ?????	??????	?????? - ?????? ??
16-08-2023	??????? ???????	????? ??? ??????	????	?????? - ??? ?????
15-08-2023	????? ??? ????	??? ??????	??	?????? - ??? ?????
15-08-2023	???? ??? ??? ?????	????????	??	?????? - ??? ?????
15-08-2023	?????	????? ??? ??????	?????? ???????	?????? - ??? ?????
15-08-2023	???? ???	????	??????	?????? - ??? ?????
15-08-2023	???? ????	????	????????? ?????	?????? - ??? ?????
15-08-2023	????? ?????????	??????? ????????	????????? ?????	?????? - ??? ?????
15-08-2023	???? ???????	??????????	??????	?????? - ??? ?????
15-08-2023	???? ?????	????? ??? ??????	??????	?????? - ??? ?????
15-08-2023	????? ????	?????????	??????	????? - ??? ?????
15-08-2023	???? ???? ????	??????	??	????? - ??? ?????
15-08-2023	???? ???	??????	????????	?????? - ??? ?????
14-08-2023	???? ????	??????	??????	?????? - ??? ?????
14-08-2023	?????? ???????	???????	??????	?????? - ??? ?????
14-08-2023	??????? ????	????????	??	?????? - ??? ?????
14-08-2023	???? ???????????	??????	???? ?????	????? - ??? ?????
14-08-2023	???? ???????	??? ??????	????? ??????	?????? - ?????? ??
13-08-2023	???? ????	????	??	?????? - ??? ?????
13-08-2023	????	??????? ???????	???????	"?????? - 10,000,000  ???? ????????"
12/8/2023	????? ???? ?????????	??????	????????	?????? - ??? ?????
12/8/2023	????? ???????	???????	????? ??? ??????	"?????? - 50,400,000  ????"
12/8/2023	???? ???	??????? ???????	????? ?????	"?????? - 100,000,000  ????"
10/8/2023	??? ????	??????	???????? ?????????	?????? - ??? ?????
10/8/2023	???? ?????	??????	????????	?????? - ??? ?????
9/8/2023	????? ????	???????	???? ???	?????? - ??? ?????
9/8/2023	????? ????	????????	??	?????? - ??? ?????
8/8/2023	??? ????? ????	???????	????????	?????? - ?????? ??
7/8/2023	??? ????	????? ?????	???? ?????	?????? - ??? ?????
7/8/2023	??? ???	???????? ?????????	??????? ????????	?????? - ??? ?????
5/8/2023	??? ?????	????????? ?????	????? ??????	?????? - ?????? ??
5/8/2023	????? ??????	???????	??????	"?????? - 25,000,000  ???? ????????"
5/8/2023	????? ????????	???????	??????? ????	"?????? - 78,000,000  ???? ????????"
5/8/2023	?????? ???????	???????	??????? ???????	"?????? - 72,000,000  ???? ????????"
4/8/2023	???? ????	????????	??????	?????? - ??? ?????
4/8/2023	???? ????	???????	?????	?????? - ??? ?????
4/8/2023	???? ???? ????	???????? ?????????	??????	?????? - ??? ?????
4/8/2023	???? ????? ????	???????	????????	?????? - ?????? ??
2/8/2023	???? ??????	??????????	??????	?????? - ?????? ??
1/8/2023	????? ????	????? ?????	?????	?????? - ??? ?????
31-07-2023	??? ????	????? ??????	??????	?????? - ??? ?????
31-07-2023	???????	???????	???????	?????? - ??? ?????
31-07-2023	??????? ?????	??????	????? ??? ??????	????? - ??? ?????
30-07-2023	???? ??? ?????? ??????	??????	????? ??????	?????? - ?????? ??
29-07-2023	???? ???	??????????	????? ??????	?????? - ??? ?????
28-07-2023	???? ????	??????? ????	???? ???	?????? - ??? ?????
27-07-2023	?????? ???????	???????	?????	?????? - ??? ?????
27-07-2023	????? ???????	???????	???????	?????? - ??? ?????
25-07-2023	??????? ????	??????? ?????	?????? ????	?????? - ?????? ??
23-07-2023	????? ?????	????? ????	??????? ???????	?????? - ??? ?????
23-07-2023	????? ?????????	???????	???????	????? - ??? ?????
23-07-2023	????? ?????	??????? ???????	????? ???????	?????? - ??? ?????
22-07-2023	???? ??????	??????????	????? ??????	?????? - ??? ?????
21-07-2023	????? ?????? ?????????	??????	????????	?????? - ??? ?????
20-07-2023	????? ????	???????	???? ?????	?????? - ?????? ??
20-07-2023	?????? ??????	???? ?????	??????? ???????	?????? - ??? ?????
18-07-2023	???? ?????	??????????	??????	?????? - ??? ?????
18-07-2023	???? ????	??????	????? ??????	?????? - ??? ?????
18-07-2023	???? ??????	????	????? ???????	?????? - ??? ?????
18-07-2023	??????? ????	??????? ?????	?????? ????	?????? - ?????? ??
12/7/2023	?????? ??????????? ??????	??????	?????? ???????	?????? - ??? ?????
12/7/2023	??? ????????? ?????	???????	????? ????	"?????? - 33,000,000  ????"
9/7/2023	????? ?????????	????? ?????	????? ??? ??????	?????? - ??? ?????
8/7/2023	?????? ????	??? ??? ???????	??????	?????? - ??? ?????
6/7/2023	?????? ?????	??????	???? ????????	"?????? - 21,500,000  ????"
6/7/2023	???? ????	??????	??????	?????? - ??? ?????
6/7/2023	???? ????	???????	???? ?????	"?????? - 17,500,000  ????"
6/7/2023	????? ???????????	??????	??????? ?????	?????? - ?????? ??
6/7/2023	????? ??????	???? ?????	????? ??? ??????	?????? - ?????? ??
6/7/2023	????? ??????	???? ?????	????? ??? ??????	?????? - ?????? ??
5/7/2023	????? ?? ?????	???????	??????	?????? - ?????? ??
5/7/2023	????? ?????	??????	??????? ???????	"?????? - 55,000,000  ????"
5/7/2023	????? ?????	??????	???????	?????? - ??? ?????
5/7/2023	?????? ???????	???????	???? ???	?????? - ??? ?????
4/7/2023	????? ??????	??????	?????? ?????	????? - ??? ?????
3/7/2023	??????? ?????????	???? ?????	?????	?????? - ??? ?????
3/7/2023	???? ?????	????? ????	??????? ?????	?????? - ??? ?????
3/7/2023	?????? ??????	?????	??????? ???????	?????? - ??? ?????
2/7/2023	??????? ????????	???????	???????	"?????? - 70,000,000  ????"
2/7/2023	???? ??? ?? ?????	??????	???? ?????????????	?????? - ?????? ??
1/7/2023	?????? ???	???	???????	"?????? - 12,000,000  ????"
1/7/2023	??????? ?????? ?????	????? ??????	???????	?????? - ??? ?????
1/7/2023	????? ????	???????????? ???????	????? ????	"?????? - 17,500,000  ????"
28-06-2023	?? ?????	??????	??????	?????? - ??? ?????
28-06-2023	?????? ????	??????	???? ???	?????? - ?????? ??
27-06-2023	????? ????????	??????	??????? ????	?????? - ??? ?????
26-06-2023	?????? ????????	??????? ????	???????	?????? - ?????? ??
25-06-2023	?????? ????????	??????	?????? ???????	?????? - ?????? ??
23-06-2023	????? ?????	???????????? ???????	?????? ???????	?????? - ??? ?????
22-06-2023	????? ?????	???? ?????	???????	?????? - ?????? ??
21-06-2023	????? ?????	???????? ?????????	????	?????? - ?????? ??
21-06-2023	????? ?????	??????	???????	?????? - ??? ?????
20-06-2023	??? ????? ?????	???? ?????	?????? ??????	?????? - ?????? ??
20-06-2023	???????? ?????	???????	??????	?????? - ??? ?????
19-06-2023	??????	????????	???? ?????	????? - ??? ?????
17-06-2023	?????? ???????	???????	???? ?????	?????? - ?????? ??
14-06-2023	???? ?????	???????	???????	?????? - ?????? ??
11/6/2023	????? ?????	????	????	?????? - ?????? ??
10/6/2023	???? ????????	????? ????	????? ????	?????? - ??? ?????
10/6/2023	?????? ????	?????	???? ?????	?????? - ??? ?????
9/6/2023	???? ????	???????	????? ?????	?????? - ?????? ??
9/6/2023	?????????  ??????	???? ????????	???? ?????	?????? - ??? ?????
8/6/2023	??????? ??? ???????	???????	???????	?????? - ?????? ??
7/6/2023	?????? ????	????? ??? ??????	???? ?????	?????? - ?????? ??
7/6/2023	??? ?????????	??????? ????????	???? ?????	?????? - ??? ?????
6/6/2023	???? ??????	???? ?????	???????	?????? - ?????? ??
15-05-2023	??? ?????	?????????	???????? ?????????	?????? - ?????? ??
5/5/2023	???? ?? ??????	??????? ????????????	??????? ????????	?????? - ??? ?????
2/2/2023	???? ???????????????	????? ????	??????	?????? - ??? ?????
1/2/2023	?????? ??????	????? ??? ??????	?????? ?????	?????? - ?????? ??
31-01-2023	????????	??????	??????	?????? - ??? ?????
31-01-2023	???? ?????	???????	??????????	?????? - ??? ?????
31-01-2023	???? ?????	?????	???????	????? - ??? ?????
31-01-2023	???? ????????	??????	??????	?????? - ??? ?????
31-01-2023	???? ???????	??????? ????	????? ?????	????? - ??? ?????
30-01-2023	???? ????	??? ??????	??????	????? - ??? ?????
30-01-2023	????? ???????	??????? ????????	????? ??????	?????? - ??? ?????
29-01-2023	???? ????	??????????	????? ??????	????? - ??? ?????
28-01-2023	???? ????	???????	????? ??????	????? - ??? ?????
28-01-2023	???? ?????	??????	?????	????? - ??? ?????
28-01-2023	???? ????	????? ??????	???????	?????? - ??? ?????
28-01-2023	???? ??????	???? ????? ????	??????	?????? - ??? ?????
25-01-2023	????? ?????????	???????	??????? ???????	????? - ??? ?????
23-01-2023	????? ??????	?????? ???????	??????	?????? - ??? ?????
22-01-2023	????? ??????	??? ??? ???????	???????????? ???????	?????? - ??? ?????
21-01-2023	??? ?????? ??????	???????? ?????????	?????? ??????	?????? - ??? ?????
20-01-2023	??????? ?????	???????????? ???????	??????	????? - ??? ?????
20-01-2023	????? ?????	???????	??????? ?????	????? - ??? ?????
20-01-2023	???? ???	??????? ???????	????????? ?????	????? - ??? ?????
20-01-2023	???? ????	????? ????	??? ??? ???????	"?????? - 15,000,000  ????"
19-01-2023	??? ????	??????? ????????????	????? ?????	?????? - ??? ?????
11/1/2023	???? ??????	??????? ?????	??????	????? - ??? ?????
10/1/2023	????? ????	??????? ????????	??????	?????? - ??? ?????
9/1/2023	???? ?????	??????? ????????	?????	????? - ??? ?????
5/1/2023	???? ??? ??????	?????	??????	????? - ??? ?????
5/1/2023	???? ????	??????	?????	????? - ??? ?????
5/1/2023	???? ???	??????	?????	????? - ??? ?????
30-12-2022	????????? ???????	??????? ???????	?????	?????? - ?????? ??
28-12-2022	???? ?????	?? ?? ?? ????????	???????	?????? - ??? ?????
11/10/2022	??? ???? ?????	????????? ?????	??????	?????? - ??? ?????
11/10/2022	??? ????	??????	??????	?????? - ??? ?????
11/10/2022	??? ????? ????	?????? ???????	??????	?????? - ??? ?????
10/10/2022	???? ??????	????? ?????	???????	?????? - ??? ?????
10/10/2022	????? ????	????	???????	?????? - ??? ?????
10/10/2022	???? ????	??????	???????? ?????????	????? - ??? ?????
9/10/2022	???? ??????	????????	????	????? - ??? ?????
8/10/2022	?????? ??????	??????	????	?????? - ?????? ??
8/10/2022	???? ????	??????	??????	????? - ??? ?????
5/10/2022	???? ?????	??????	?????	?????? - ?????? ??
30-09-2022	???? ????	?????? ???????	?????	????? - ??? ?????
30-09-2022	???? ????	??????	????????	?????? - ?????? ??
27-09-2022	???? ????	??? ??????	??????	?????? - ??? ?????
24-09-2022	???? ????? ??????	?????	???????? ?????????	?????? - ??? ?????
24-09-2022	??? ?????? ??????	?????	??????	?????? - ??? ?????
24-09-2022	????? ?????	??? ???????	????	?????? - ??? ?????
24-09-2022	????? ??????	??????	????	?????? - ?????? ??
23-09-2022	??? ????	????????	???????	?????? - ??? ?????
23-09-2022	??? ???? ???	??? ???????	?????	?????? - ?????? ??
22-09-2022	?????? ?????	??????	??????? ????????	?????? - ?????? ??
22-09-2022	???? ????	????? ?????	???????? ?????????	?????? - ??? ?????
22-09-2022	???? ????	????????? ?????	?????	?????? - ?????? ??
21-09-2022	???? ???? ????	?????? ???????	????	?????? - ??? ?????
21-09-2022	????? ???????	????? ?????	???????	?????? - ??? ?????
20-09-2022	???? ???? ?????	??????	??? ??????	?????? - ?????? ??
20-09-2022	???? ????	????????	???????	?????? - ?????? ??
20-09-2022	???? ???? ???	????????? ?????	?????	?????? - ?????? ??
20-09-2022	???? ????	???????? ?????????	??????? ????????	????? - ??? ?????
20-09-2022	???? ??????	???????? ?????????	?????	?????? - ??? ?????
20-09-2022	????? ????	??????	?????	?????? - ?????? ??
20-09-2022	??? ??????	???????	??????	?????? - ?????? ??
19-09-2022	???? ???	???????? ?????????	??????????	?????? - ?????? ??
19-09-2022	???? ????	???????? ?????????	??????????	?????? - ?????? ??
19-09-2022	???? ????	??????????	???????? ?????????	?????? - ??? ?????
18-09-2022	????? ???	????	??????	?????? - ??? ?????
17-09-2022	????? ??? ??????	??????????	????????	?????? - ?????? ??
17-09-2022	???? ??????	?????? ???????	?????	?????? - ?????? ??
17-09-2022	???? ????? ????	????? ??????	?????	????? - ??? ?????
16-09-2022	???? ???	????? ??????	??????	?????? - ??? ?????
16-09-2022	???? ????	??????? ????????	??????	?????? - ??? ?????
15-09-2022	???? ????	???????? ?????????	??????????	?????? - ?????? ??
15-09-2022	???? ????	????? ?????	???????? ?????????	?????? - ??? ?????
15-09-2022	??? ????	?????	???????? ?????????	?????? - ??? ?????
15-09-2022	???? ????	????? ?????	???????? ?????????	?????? - ??? ?????
15-09-2022	????? ????????	??????	??????????	?????? - ?????? ??
15-09-2022	???? ??? ????	??????	??????? ????????	????? - ??? ?????
15-09-2022	???? ????	????? ??????	????????	?????? - ??? ?????
15-09-2022	???? ????????	??????	??????	?????? - ??? ?????
15-09-2022	????? ????	???????? ?????????	??????	?????? - ??? ?????
15-09-2022	???? ????????? ?????	??? ???????	????	?????? - ??? ?????
15-09-2022	????? ????	???????	????????	????? - ??? ?????
15-09-2022	????? ??????	??????	??????????	?????? - ??? ?????
14-09-2022	??? ??????	????????	??????????	?????? - ?????? ??
14-09-2022	???? ????	???????? ?????????	??????????	?????? - ?????? ??
14-09-2022	???? ????	??????	???????? ?????????	?????? - ??? ?????
14-09-2022	???? ????? ??????	??????	???????? ?????????	?????? - ??? ?????
14-09-2022	???? ????	????????	??????????	?????? - ?????? ??
13-09-2022	????? ?????	???????	??????	?????? - ??? ?????
13-09-2022	?????? ???????	???	??????	?????? - ??? ?????
13-09-2022	???? ?????	????????	??????	?????? - ??? ?????
12/9/2022	???? ????	???????? ?????????	??????	?????? - ??? ?????
12/9/2022	????? ?????	Atletico Mineiro	???????????? ???????	?????? - ?????? ??
12/9/2022	????? ????	???????	??????	?????? - ??? ?????
12/9/2022	???? ???? ????	??????	???????? ?????????	?????? - ??? ?????
12/9/2022	???? ??????	???? ????	??????????	?????? - ?????? ??
11/9/2022	????? ????	???????	????? ??????	?????? - ??? ?????
11/9/2022	???? ????	???????	????? ??????	????? - ??? ?????
10/9/2022	???? ????	?????	???????	?????? - ??? ?????
8/9/2022	????? ???????	????? ??? ??????	?????? ????	?????? - ?????? ??
8/9/2022	???? ????	??????? ???????	?????? ????	?????? - ?????? ??
8/9/2022	???? ??? ????	??????????	??????????	????? - ??? ?????
7/9/2022	???? ???	????????? ?????	??????	?????? - ?????? ??
7/9/2022	??????? ???????	???????	???????	?????? - ?????? ??
6/9/2022	???? ????	?????? ???????	??????? ????????	?????? - ?????? ??
6/9/2022	????? ??? ??????	??????	??????? ????????	?????? - ?????? ??
5/9/2022	???? ????	????? ????	????????	?????? - ?????? ??
5/9/2022	??? ?????? ??????	????	???????? ?????????	?????? - ??? ?????
5/9/2022	???? ???? ????	???????? ?????????	????	?????? - ??? ?????
5/9/2022	???? ????	????? ????	????????	?????? - ?????? ??
4/9/2022	???? ??? ???	???????	????? ??????	?????? - ?????? ??
3/9/2022	???? ????	??????	??????? ????????	?????? - ??? ?????
3/9/2022	??????? ?? ?????	???? ?????	??????????	?????? - ?????? ??
2/9/2022	???? ????	??? ???????	??????	?????? - ??? ?????
2/9/2022	???? ?????????	??????	????	????? - ??? ?????
2/9/2022	????? ?????	???????	??????	????? - ??? ?????
2/9/2022	?????? ??????	??????	???????	?????? - ?????? ??
2/9/2022	?????? ??????	??????	???????	?????? - ??? ?????
2/9/2022	????? ?????? ?????????	???????	??????	?????? - ??? ?????
1/9/2022	???? ????	???????	???????	????? - ??? ?????
1/9/2022	????? ????????	??????? ???????	??????? ???????	????? - ??? ?????
31-08-2022	??? ?????	????? ?????	??????	?????? - ?????? ??
31-08-2022	????? ??????	????? ????	??????	?????? - ??? ?????
31-08-2022	???? ?????	????????	????? ??????	?????? - ?????? ??
30-08-2022	????? ??????	????	??? ??? ???????	?????? - ??? ?????
29-08-2022	??????? ??????	??????? ???????	???????	?????? - ?????? ??
29-08-2022	????? ??????	?????? ???????	???????	?????? - ?????? ??
28-08-2022	??? ??????	???????	??????	?????? - ?????? ??
28-08-2022	???? ??????	????????	??????? ????????	?????? - ?????? ??
26-08-2022	??????? ????	???? ????????	??????? ???????	"?????? - 70,000,000  ????"
24-08-2022	???? ?????	??????? ???????	????????	????? - ??? ?????
22-08-2022	????????	???? ?????	??????? ???????	?????? - ??? ?????
19-08-2022	???? ???????	???????	???????	?????? - ?????? ??
17-08-2022	???? ??????	????? ??? ??????	??? ??? ???????	?????? - ??? ?????
12/8/2022	????? ???????	???????? ?????????	???????	"?????? - 16,000,000  ????"
10/8/2022	?????? ??????	???? ?????	????????	?????? - ?????? ??
9/8/2022	??? ??????	???? ???	??????	????? - ??? ?????
9/8/2022	???? ?????	??????	???????	?????? - ??? ?????
9/8/2022	???? ??????	???????	?????? ???????	?????? - ?????? ??
9/8/2022	???? ??????	???????	???? ???????	?????? - ?????? ??
8/8/2022	?????	???? ?????	???????	?????? - ?????? ??
6/8/2022	?????? ??????	????	????????	"?????? - 11,000,000  ????"
6/8/2022	??????? ????????	???????? ?????????	????? ????	?????? - ??? ?????
6/8/2022	?????? ??????	????????	??????	????? - ??? ?????
5/8/2022	?????? ????????	?????	???	"?????? - 3,000,000  ????"
5/8/2022	???????? ????????	????? ??? ??????	????	????? - ??? ?????
5/8/2022	???? ????????? ?????	???????	??????	"?????? - 63,000,000  ???? ????????"
4/8/2022	?????? ??????	???	????? ??? ??????	?????? - ??? ?????
4/8/2022	?????? ????	???????	??? ?????? ???????	????? - ??? ?????
4/8/2022	????? ?????	??????? ???????	???????	????? - ??? ?????
4/8/2022	????? ??????????	????? ????	??????	"?????? - 20,000,000  ????"
4/8/2022	????? ?????	?????	??????	?????? - ?????? ??
3/8/2022	????? ??????	????? ????	???	?????? - ??? ?????
2/8/2022	?????? ???????? ??????	???????	????? ????	?????? - ??? ?????
1/8/2022	?? ?????	??????? ???????	???	????? - ??? ?????
1/8/2022	??????? ????	???? ????	?????	?????? - ??? ?????
31-07-2022	????? ???	????????	???????	"?????? - 25,000,000  ????"
31-07-2022	?????? ????	????? ??????	?????	?????? - ?????? ??
31-07-2022	???? ???	??????	??????	?????? - ?????? ??
31-07-2022	??? ?????	??????	???	?????? - ??? ?????
30-07-2022	?????? ??????	???	????? ??? ??????	"?????? - 15,000,000  ????"
30-07-2022	?????? ???????? ??????	???????	????? ????	?????? - ??? ?????
28-07-2022	???? ????	???????	???????	?????? - ??? ?????
27-07-2022	???????? ????????	?????	??????? ???????	?????? - ??? ?????
26-07-2022	????? ?????? ??????	???????	????? ??? ??????	?????? - ??? ?????
26-07-2022	????? ???	???	????? ?????	?????? - ??? ?????
24-07-2022	???? ????	???????	???????	?????? - ?????? ??
23-07-2022	???? ?????	???????	UNAM Pumas	?????? - ?????? ??
22-07-2022	?????????? ????????	??????? ????	??????	"?????? - 32,000,000  ???? ????????"
21-07-2022	????? ????	?????? ????	????	?????? - ??? ?????
20-07-2022	??????? ?????	????	????????	?????? - ??? ?????
20-07-2022	?????? ?????	??????	???????	"?????? - 41,000,000  ????"
20-07-2022	????? ??????	???????	????	?????? - ?????? ??
19-07-2022	????? ???????????	????? ?????	???????	?????? - ??? ?????
19-07-2022	??????? ?????	???????	??????	?????? - ??? ?????
19-07-2022	?????? ?? ????	???????	????? ?????	?????? - ??? ?????
16-07-2022	?????? ???????	???????	?????????	"?????? - 10,000,000  ????"
16-07-2022	?????? ????????	??????	??????	"?????? - 38,000,000  ???? ????????"
15-07-2022	???????	???? ???????	???????	?????? - ??? ?????
15-07-2022	???????? ??????	?????????	??????? ???????	?????? - ?????? ??
14-07-2022	????? ?????	???????	??????? ?????????	?????? - ?????? ??
13-07-2022	???? ???????	??????? ????	??????	"?????? - 47,000,000  ???? ????????"
11/7/2022	??? ?????	??????? ???????	???????	?????? - ?????? ??
11/7/2022	??? ??????	????	??????? ?????	?????? - ??? ?????
9/7/2022	???? ????	???????	?????????	"?????? - 18,000,000  ???? ????????"
9/7/2022	??? ?????	??????? ???????	????????	?????? - ??? ?????
9/7/2022	?????? ????????	?????	?????? ????	?????? - ??? ?????
9/7/2022	???? ?? ?????	???????	??????	????? - ??? ?????
9/7/2022	?????? ???????	???????	????? ??????	????? - ??? ?????
9/7/2022	?? ?????	??????	??????????	"?????? - 6,000,000  ???? ????????"
8/7/2022	??????? ???????	???????	??????? ???????	????? - ??? ?????
8/7/2022	???? ??????	???? ?????	?????????	?????? - ??? ?????
8/7/2022	????? ?? ?????	????? ??? ??????	???????	?????? - ?????? ??
6/7/2022	????? ????	?????	???????	?????? - ?????? ??
6/7/2022	????????? ????	?????	??????? ????????	?????? - ??? ?????
5/7/2022	????? ?????	?????? ???????	??????? ???????	?????? - ??? ?????
5/7/2022	????? ??????	???????	?????	?????? - ?????? ??
4/7/2022	????? ??? ????????	??????? ?????????	??????? ????	?????? - ??? ?????
4/7/2022	?????? ???	????? ?????	??????? ????????	?????? - ??? ?????
4/7/2022	??????? ????????	??????	???????	?????? - ?????? ??
4/7/2022	??????? ?????	??????? ????	??????	?????? - ??? ?????
4/7/2022	????? ?????	???? ???????	??????? ????	?????? - ??? ?????
3/7/2022	????? ???????	????	???? ????	?????? - ?????? ??
2/7/2022	??? ???????	??????? ???????	????????? ?????	????? - ??? ?????
2/7/2022	?????? ?????????	????	???? ?????	?????? - ?????? ??
2/7/2022	??? ?? ????	???????	?? ?? ?? ????????	?????? - ?????? ??
2/7/2022	?????? ?????	???????	???????	?????? - ?????? ??
1/7/2022	?????? ??????	?????	???? ?????	?????? - ?????? ??
1/7/2022	???????? ??????	????? ?????	????	?????? - ?????? ??
1/7/2022	???????????	???????	??????? ???????	"?????? - 60,000,000  ???? ????????"
30-06-2022	???????? ??????	??????	???? ?????	"????? - 4,000,000  ????"
29-06-2022	?????? ??????	??????	???? ?????	????? - ??? ?????
28-06-2022	?????? ????????	???????	??????	?????? - ??? ?????
22-06-2022	????? ????	???????	????? ?????	"?????? - 41,000,000  ????"
21-06-2022	????? ?????	?? ?? ?? ????????	???????? ?????????	?????? - ??? ?????
21-06-2022	????? ?????	?????	??????	"?????? - 40,000,000  ????"
20-06-2022	??????? ??????	??????	???? ?????	?????? - ?????? ??
17-06-2022	???? ????	????? ?????	???? ???????	"?????? - 12,000,000  ????"
17-06-2022	???? ??????	???????	??????? ???????	?????? - ??? ?????
15-06-2022	???? ??? ???	?????	???? ????????	"?????? - 12,000,000  ????"
14-06-2022	??????? ??????	??????? ???????	????	?????? - ?????? ??
13-06-2022	?????? ?????	??????	???????	"?????? - 75,000,000  ????"
13-06-2022	?????? ????? ??????	??????? ????????	??????? ????	?????? - ??? ?????
11/6/2022	?????? ????????	??????	???? ?????	?????? - ??? ?????
10/6/2022	??? ??? ??????	???? ?????? ???	?????	?????? - ??? ?????
8/6/2022	????? ??????	??????????	??????? ???????	?????? - ?????? ??
6/6/2022	???? ?????	????? ?????	??????	?????? - ??? ?????
31-05-2022	???? ??? ????	????? ????	??????????	?????? - ??? ?????
30-05-2022	????? ????????	???? ?????	??????? ???????	?????? - ?????? ??
8/2/2022	????? ??? ????????	????? ????	??????? ????????	????? - ??? ?????
1/2/2022	??? ????	???????	??????? ???????	?????? - ??? ?????
1/2/2022	???? ???	??????? ???????	???????	?????? - ?????? ??
1/2/2022	????? ?????? ?????????	??????	???????	?????? - ?????? ??
31-01-2022	???? ?????	???????	??????	????? - ??? ?????
31-01-2022	????? ?????	????	????	?????? - ??? ?????
31-01-2022	????? ????????	??????? ???????	????	?????? - ??? ?????
31-01-2022	??????? ?????????	???????	??????? ???????	?????? - ??? ?????
31-01-2022	??????? ?? ?????	??????? ???????	???????	????? - ??? ?????
31-01-2022	???? ??? ?? ???	??????? ???????	???????	????? - ??? ?????
30-01-2022	???? ?????????	??????	??????	?????? - ?????? ??
29-01-2022	????? ??????	???????????? ???????	???????	????? - ??? ?????
28-01-2022	????? ??????	??????	???? ???????	????? - ??? ?????
27-01-2022	????? ??? ??????	???????	????????? ?????	?????? - ?????? ??
24-01-2022	???? ??????????	???????	??????? ???????	?????? - ??? ?????
24-01-2022	???? ????	????????	????? ??????	?????? - ??? ?????
23-01-2022	??????? ???	????????	??????? ????????	????? - ??? ?????
23-01-2022	????? ????	???????	???????	?????? - ??? ?????
23-01-2022	????? ???	?????	????????? ?????	????? - ??? ?????
23-01-2022	???? ????	??????????	????????	?????? - ??? ?????
23-01-2022	????? ???	???????	????? ????	?????? - ??? ?????
10/1/2022	????? ???	??????	???? ???	?????? - ??? ?????
9/1/2022	????? ??? ?????? ?????	??????	????? ????	????? - ??? ?????
7/1/2022	????? ??????	??????? ?????	??????? ???????	?????? - ??? ?????
7/1/2022	????? ???????	???????	????? ????	????? - ??? ?????
3/1/2022	???? ????	??????????	?????	?????? - ??? ?????
30-12-2021	??? ????	?????	??? ???????	?????? - ?????? ??
28-12-2021	????? ?????	??????? ????	???????	?????? - ??? ?????
16-12-2021	??? ?????? ???????	?????	???????	?????? - ?????? ??
9/10/2021	???? ??????	???? ????	???? ???	?????? - ?????? ??
8/10/2021	????? ?????	???????? ??????	??????????	?????? - ??? ?????
7/10/2021	????? ????	?????	?????	?????? - ??? ?????
7/10/2021	???? ?????	??????? ????????	??????	?????? - ??? ?????
7/10/2021	???? ??????	?????? ???????	????????	?????? - ??? ?????
7/10/2021	???? ????????	?????	???????? ?????????	?????? - ?????? ??
7/10/2021	?????? ???	??????	?????? ?? ??	????? - ??? ?????
7/10/2021	???? ????	???? ????	?????	?????? - ??? ?????
5/10/2021	??? ?????	????????	????? ?????	?????? - ??? ?????
1/10/2021	???? ????	??????	?????? ?? ??	?????? - ??? ?????
29-09-2021	???? ?????	????? ?????	????????	?????? - ??? ?????
28-09-2021	???? ??? ????	????? ??????	??????? ????????	?????? - ??? ?????
28-09-2021	???? ???????	??????? ??????	??? ??????	?????? - ?????? ??
28-09-2021	????? ????	??????	?????? ?? ??	?????? - ?????? ??
24-09-2021	????? ????	???????	?????	????? - ??? ?????
23-09-2021	???? ????	??? ???????	????????	?????? - ?????? ??
22-09-2021	????? ????????	???????	??????	?????? - ??? ?????
21-09-2021	???? ?????????	???? ????	??????? ????????	?????? - ??? ?????
20-09-2021	??? ????? ???? ????	??????	?????	?????? - ??? ?????
19-09-2021	???????? ????????	???? ????	?????	?????? - ??? ?????
18-09-2021	???? ????	?????	????????? ?????	?????? - ?????? ??
18-09-2021	???? ????	??? ??????	????????? ?????	?????? - ??? ?????
18-09-2021	??? ????	????	????????? ?????	?????? - ?????? ??
18-09-2021	???? ????	????? ?????	?????	?????? - ?????? ??
18-09-2021	???? ??? ??????	???? ????	?????	????? - ??? ?????
16-09-2021	????? ??????	??????	?????? ?? ??	????? - ??? ?????
16-09-2021	???? ????	???????	?????	????? - ??? ?????
15-09-2021	??? ????? ????	??????	?????? ?? ??	????? - ??? ?????
14-09-2021	????? ??? ?????? ???	???????	?????? ?? ??	????? - ??? ?????
14-09-2021	???? ??????	??????	???????	?????? - ?????? ??
13-09-2021	???? ????	????????	?????	?????? - ??? ?????
13-09-2021	???? ???? ??????	??????	?????? ?? ??	????? - ??? ?????
12/9/2021	???? ???	??????? ????????	??????	?????? - ??? ?????
11/9/2021	???? ????	????? ??????	??????? ????????	?????? - ??? ?????
11/9/2021	????? ???	??????? ????????	?????? ?? ??	?????? - ??? ?????
11/9/2021	????? ?????	??????? ????????	?????? ?? ??	?????? - ??? ?????
11/9/2021	???? ?????	??????? ??????	????? ?????	?????? - ??? ?????
11/9/2021	???? ????	??????? ????????	????? ?????	?????? - ?????? ??
10/9/2021	???? ?????	??????? ??????	?????	?????? - ??? ?????
10/9/2021	??? ???? ????	??? ???????	????????	?????? - ??? ?????
10/9/2021	??????? ??????	?????? ?????	??????? ????????	?????? - ??? ?????
10/9/2021	???? ????	???? ????	????? ?????	????? - ??? ?????
9/9/2021	???? ?????	?????	?????	?????? - ??? ?????
9/9/2021	????? ????	????? ?????	??????	?????? - ??? ?????
9/9/2021	???? ???	???????	????????? ?????	?????? - ?????? ??
9/9/2021	??? ????? ?? ????	??????????	????????	?????? - ?????? ??
9/9/2021	???? ????	??? ???????	???????? ?????????	?????? - ??? ?????
9/9/2021	????????? ????	??????? ??????	????? ?????	?????? - ??? ?????
9/9/2021	???? ?????	????????	??????	?????? - ??? ?????
8/9/2021	???? ????	??? ???????	????????? ?????	?????? - ?????? ??
8/9/2021	????????? ???????? ????????	??????? ?? ???????	??????? ????????	?????? - ??? ?????
8/9/2021	???? ????	????	?????	?????? - ??? ?????
8/9/2021	????	??????????	????? ????	????? - ??? ?????
8/9/2021	???? ??? ???????	????????	????? ?????	?????? - ?????? ??
7/9/2021	????? ?????	????????	?????	?????? - ??? ?????
7/9/2021	???? ???? ?????	??????	????? ?????	????? - ??? ?????
7/9/2021	????? ????	???????	????? ??????	????? - ??? ?????
7/9/2021	????? ?????	?????	???????	?????? - ??? ?????
6/9/2021	???? ???????	??????? ????????	????? ?????	????? - ??? ?????
6/9/2021	???? ???? ????	????? ?? ??	??????? ????????	?????? - ??? ?????
6/9/2021	????? ??????	??????? ??????	??????	?????? - ??? ?????
5/9/2021	?????? ???????	??????	????? ?????	????? - ??? ?????
3/9/2021	??????? ???????	???????	??????	????? - ??? ?????
1/9/2021	?????? ?????	??????? ??????	????????? ?????	?????? - ?????? ??
1/9/2021	???? ???? ????	???????? ?????????	????? ?????	????? - ??? ?????
1/9/2021	???? ????? ??????	??????	?????	????? - ??? ?????
1/9/2021	????? ??????	??????	????? ????	????? - ??? ?????
31-08-2021	????? ??????	??????	????	????? - ??? ?????
31-08-2021	???? ??????	??????? ?????	??????	????? - ??? ?????
31-08-2021	????????? ?????? ?????	??????? ?????	??????	?????? - ??? ?????
31-08-2021	???? ????? ?????	?????????	?????? ????	????? - ??? ?????
31-08-2021	???? ?????????	???????	??????? ????????	????? - ??? ?????
31-08-2021	??????? ??????	???????	????? ????	????? - ??? ?????
31-08-2021	??????? ???????	???	???? ?????	?????? - ??? ?????
31-08-2021	?????? ?????	??????? ???????	???? ???????	?????? - ??? ?????
30-08-2021	???? ????	????? ?? ??	?????	?????? - ??? ?????
30-08-2021	???? ????	??????? ??????	??????? ????????	?????? - ?????? ??
30-08-2021	????? ????????	??????	?????	????? - ??? ?????
30-08-2021	?????? ???????	???????	????? ?????	?????? - ??? ?????
30-08-2021	??? ?????	?????????	????????	????? - ??? ?????
30-08-2021	??? ???? ??? ??????	??????	???????	?????? - ??? ?????
29-08-2021	???? ????	????? ?????	??????	?????? - ?????? ??
29-08-2021	???? ?????	??????????	??????? ????????	?????? - ?????? ??
29-08-2021	????? ???????	??????	??????? ????????	?????? - ??? ?????
29-08-2021	??????? ????	????????	?????	?????? - ?????? ??
28-08-2021	????????? ???????	???????	??????? ???????	?????? - ??? ?????
27-08-2021	???? ???	?????	??????	?????? - ??? ?????
26-08-2021	???? ?????????	?????	??????	?????? - ??? ?????
26-08-2021	???? ????	???? ?? ??	??????	?????? - ??? ?????
26-08-2021	????? ???	???????	??????	?????? - ??? ?????
25-08-2021	????? ????	???????	?????	?????? - ??? ?????
23-08-2021	??????? ??????	????????	?????	?????? - ??? ?????
23-08-2021	?????? ??????	???????	????	?????? - ??? ?????
21-08-2021	???? ??????	?????? ???????	????? ????	?????? - ?????? ??
21-08-2021	???? ????	?????	?????	?????? - ?????? ??
20-08-2021	??????? ??????	??????? ???????	???????	????? - ??? ?????
20-08-2021	????? ???????	???? ?????	??????	?????? - ??? ?????
19-08-2021	???? ??????	??????? ?????	???	?????? - ??? ?????
19-08-2021	?????	????	??????	?????? - ?????? ??
18-08-2021	?????? ???????	??????	???????	"????? - 35,000,000  ????"
17-08-2021	???? ???? ????	??????	????? ?????	????? - ??? ?????
17-08-2021	???? ???????	??????	????	?????? - ??? ?????
12/8/2021	?????? ??????	???? ?????	??????	?????? - ??? ?????
10/8/2021	?????? ????	???????	????? ??? ??????	?????? - ?????? ??
6/8/2021	?????? ?????? ??????	??? ??????? ??????	??????	?????? - ??? ?????
6/8/2021	???? ??????	???????	???????	????? - ??? ?????
6/8/2021	???????? ??????	???????	??????? ???????	?????? - ??? ?????
5/8/2021	??????? ????????	??????? ???????	????????? ??????	????? - ??? ?????
5/8/2021	????? ????????	???????	????????	?????? - ??? ?????
5/8/2021	????? ?????	????????? ??????	???? ??????	????? - ??? ?????
5/8/2021	??? ?????	????? ????	??????? ????	?????? - ??? ?????
5/8/2021	???? ????	????? ?????	??????? ????????????	?????? - ??? ?????
5/8/2021	????? ????????	??????? ???????	????? ????	????? - ??? ?????
5/8/2021	?????? ?????????	???????	?????? ???????	????? - ??? ?????
4/8/2021	???? ????	??????????	????? ????	?????? - ??? ?????
3/8/2021	???????? ??????	??????	????	?????? - ?????? ??
3/8/2021	???? ????	????	????	????? - ??? ?????
2/8/2021	????? ?????????	????	????	"?????? - 17,000,000  ????"
2/8/2021	??? ?????	????	??????	"?????? - 11,000,000  ????"
1/8/2021	??????? ?????	???? ?????	??????? ???????	?????? - ??? ?????
31-07-2021	????? ??????	????? ??????	???????	"?????? - 8,000,000  ????"
31-07-2021	?????? ????????	?????	???????????	?????? - ?????? ??
30-07-2021	?? ????	???????	??????	"?????? - 58,000,000  ???? ????????"
30-07-2021	???????? ???????	???????	????? ??????	????? - ??? ?????
29-07-2021	?????? ????	???????	??????	?????? - ?????? ??
28-07-2021	????? ?????	???????	????????	"?????? - 1,000,000  ????"
27-07-2021	?????? ????????	??????	????? ?????	?????? - ?????? ??
23-07-2021	????? ?????	??????? ????????	??????? ???????	"?????? - 85,000,000  ????"
20-07-2021	???? ??????	??????? ?????	??????	?????? - ?????? ??
17-07-2021	???????? ????	??????	?????	?????? - ??? ?????
14-07-2021	????????? ????????	?????	????? ??? ??????	?????? - ?????? ??
12/7/2021	??????? ?? ???	????????	??????? ?????	?????? - ??? ?????
9/7/2021	???? ???????	??????	??????	?????? - ??? ?????
9/7/2021	????? ??????	??????	??????	"?????? - 5,000,000  ???? ????"
8/7/2021	?????? ?????	???? ?????	????? ??? ??????	?????? - ?????? ??
6/7/2021	????? ????????	??????	????????	????? - ??? ?????
6/7/2021	?????? ?????	???????	???? ???????	"?????? - 15,000,000  ????"
4/7/2021	????????? ???????	???????	???????????? ???????	????? - ??? ?????
2/7/2021	??? ?????	????? ????	??????? ???????	?????? - ?????? ??
1/7/2021	????????? ?????	???????	?????	?????? - ?????? ??
1/7/2021	??? ????? ???????	????????? ?????	???????	"?????? - 12,000,000  ???? ????"
29-06-2021	???? ??????	???? ?????	????? ??? ??????	"?????? - 60,000,000  ????"
25-06-2021	????? ??????	???????	???? ?????	?????? - ??? ?????
22-06-2021	????? ?????????	?????	???? ?????	?????? - ?????? ??
19-06-2021	????? ?????	????	???????	?????? - ?????? ??
10/6/2021	???????? ????????	???????	????? ??? ??????	?????? - ?????? ??
1/6/2021	??????  ??????	??????	?????	"?????? - 28,000,000  ????"
1/6/2021	???? ????	???? ?????	????? ????	?????? - ?????? ??
1/6/2021	????? ??????	??????? ????	???????	?????? - ?????? ??
1/6/2021	??????? ?? ???? ??????	???? ?????	???????	?????? - ??? ?????
30-05-2021	?????? ??????	??????? ????	???????	"?????? - 100,000,000  ????"
28-05-2021	????? ?????	????? ?????	???? ?????	?????? - ?????? ??
28-05-2021	???????? ??????	???????	???????	?????? - ??? ?????
27-05-2021	??? ???????	???	?????	?????? - ??? ?????
4/2/2021	???? ????	??????	CF Montreal	????? - ??? ?????
2/2/2021	?????? ????	??????? ???????	???? ??????	?????? - ??? ?????
1/2/2021	??????? ???????	??????	????? 04	?????? - ?????? ??
1/2/2021	????? ?????	????? 04	???????	????? - ??? ?????
1/2/2021	??? ????	??? ??????? ??????	????? ???? ??????	????? - ??? ?????
31-01-2021	??? ??????	???????	??????	????? - ??? ?????
31-01-2021	????? ?????	??????	??????? ???????	????? - ??? ?????
31-01-2021	????? ?????	????????? ????????	????????	????? - ??? ?????
31-01-2021	???? ???? ????	???????? ?????????	??? ???????	????? - ??? ?????
31-01-2021	???? ????	??????? ??????	??? ???????	?????? - ??? ?????
31-01-2021	?????? ????	?????? ???????	???????? ?????????	?????? - ??? ?????
31-01-2021	??? ?????	??? ???????	???????? ?????????	?????? - ??? ?????
31-01-2021	????? ????	?????	??? ???????	?????? - ?????? ??
31-01-2021	???? ?????	??????????	??? ???????	????? - ??? ?????
31-01-2021	??????? ??? ??????	??????????	??? ???????	????? - ??? ?????
31-01-2021	???? ????	??????	??? ???????	????? - ??? ?????
30-01-2021	???? ????	????????	????? ??????	????? - ??? ?????
30-01-2021	????? ????	??? ???????	???????	?????? - ??? ?????
30-01-2021	????? ????	????	????????	?????? - ??? ?????
30-01-2021	??? ????? ???????	????????? ?????	???????	????? - ??? ?????
29-01-2021	???? ???????	??????? ???????	??? ??? ???????	????? - ??? ?????
29-01-2021	???? ?????	????? ?????	??????????	????? - ??? ?????
28-01-2021	????? ????	???????	?????? ????	"????? - 2,000,000  ????? ??????"
28-01-2021	???? ????	??????	?????	????? - ??? ?????
27-01-2021	???? ???	???????? ?????????	??????????	????? - ??? ?????
27-01-2021	????? ???????	???? ?????	??????	????? - ??? ?????
24-01-2021	????? ???????	????? ?????	??????????	????? - ??? ?????
24-01-2021	????? ?????	??????	???????	?????? - ?????? ??
22-01-2021	???? ????	???? ????	???????	?????? - ?????? ??
20-01-2021	???? ???? ?????	???????	????? ??????	????? - ??? ?????
16-01-2021	????? ????	???????	?????	????? - ??? ?????
15-01-2021	??????? ????	??????	?????	????? - ??? ?????
14-01-2021	???? ??????	???? ?????	???????? ?????????	????? - ??? ?????
13-01-2021	?????? ???? ??????	??????? ???????	???? ????????	?????? - ??? ?????
13-01-2021	????? ???????	????? ????	????	?????? - ?????? ??
13-01-2021	????? ???????	?????	??????	?????? - ??? ?????
13-01-2021	????? ??????????	??????	?????	?????? - ?????? ??
13-01-2021	???? ???????	????	??????? ?????	????? - ??? ?????
11/1/2021	?????? ?????? ?? ?? ?????	??????? ?????	????????	????? - ??? ?????
11/1/2021	???? ???? ????	??????	???????? ?????????	????? - ??? ?????
8/1/2021	????????? ????	??? ??? ???????	?????	"?????? - 22,500,000  ????"
3/1/2021	?????? ???	??????	??????	????? - ??? ?????
31-12-2020	????? ??????	??????	??????	?????? - ??? ?????
31-12-2020	???? ?????????	???? ?????	???????	????? - ??? ?????
8/12/2020	???????? ????????	????????? 08	???? ????	?????? - ?????? ??
8/12/2020	???? ????	???????	????	?????? - ??? ?????
7/12/2020	???? ?????	??????	????????	?????? - ?????? ??
6/12/2020	???? ???? ????	??????? ??????	???????? ?????????	?????? - ??? ?????
6/12/2020	???? ????	??????? ????????	??? ???????	?????? - ?????? ??
5/12/2020	??????? ??????	Miami FC	??????? ????????	?????? - ?????? ??
4/12/2020	???? ???	??????	???? ????	????? - ??? ?????
4/12/2020	???? ????	???????	??????? ????????	"????? - 2,000,000  ???? ????"
4/12/2020	???? ???????	??????	??????? ????????	?????? - ?????? ??
4/12/2020	????? ???????	??????? ????????	????? ??????	?????? - ??? ?????
4/12/2020	????? ?????	??????	???????? ?????????	?????? - ??? ?????
3/12/2020	???? ????	??????	???????? ?????????	?????? - ?????? ??
2/12/2020	????? ????????	???????	???? ????	?????? - ?????? ??
2/12/2020	???? ???	???????	???????? ?????????	?????? - ??? ?????
2/12/2020	???? ????????	????????	???????	?????? - ?????? ??
1/12/2020	???? ?????	?????	????????	?????? - ??? ?????
28-11-2020	???? ????	??????	???????? ?????????	?????? - ??? ?????
23-11-2020	???? ??????	??????	????????	?????? - ?????? ??
23-11-2020	???? ????	??? ???????	????????	?????? - ??? ?????
23-11-2020	???? ??? ??????	??????	?????	????? - ??? ?????
21-11-2020	???? ???	??? ???????	????? ??????	?????? - ??? ?????
19-11-2020	???? ????	without club	????	?????? - ?????? ??
19-11-2020	?????? ????????	????? ??? ???	???????? ?????????	?????? - ??? ?????
19-11-2020	???? ???? ????	??? ???????	???????? ?????????	?????? - ??? ?????
18-11-2020	???? ??????	????? ??????? ???????	????	?????? - ?????? ??
18-11-2020	???? ????	???? ?????? ???????	????	?????? - ?????? ??
18-11-2020	???? ????	??? ???????	????	?????? - ?????? ??
18-11-2020	???? ????	???? ?? ??	????	????? - ??? ?????
18-11-2020	????? ????	????? ?????	????	?????? - ??? ?????
18-11-2020	???? ???? ????	?????	????	?????? - ?????? ??
18-11-2020	??????? ??????	?????	????	?????? - ??? ?????
18-11-2020	??????? ????	?????	????	?????? - ??? ?????
18-11-2020	???? ??? ????	????????	????? ??????	?????? - ??? ?????
18-11-2020	??????? ????????	AS Douanes	????	?????? - ?????? ??
16-11-2020	???? ?????	??????	????? ??????	????? - ??? ?????
16-11-2020	???? ??????	???? ?? ??	???????? ?????????	?????? - ??? ?????
15-11-2020	????? ???????	?????? ??????	???????? ?????????	?????? - ??? ?????
15-11-2020	???? ????	???? ????	???????? ?????????	?????? - ??? ?????
15-11-2020	???? ???? ????	??????? ??????	???????? ?????????	?????? - ??? ?????
14-11-2020	????????? ?????	???? ????	???????? ?????????	?????? - ??? ?????
14-11-2020	??? ????	????????	???????? ?????????	????? - ??? ?????
14-11-2020	??????? ?????	???? ????	???????? ?????????	?????? - ??? ?????
14-11-2020	???? ??????	??? ???????	???????? ?????????	?????? - ??? ?????
14-11-2020	???? ????	??? ???????	???????? ?????????	?????? - ??? ?????
13-11-2020	???? ?????	????????	??????	?????? - ??? ?????
12/11/2020	????? ????	?????	????	?????? - ??? ?????
11/11/2020	??? ?????	?????? ???????	??????	?????? - ??? ?????
11/11/2020	????? ????	??????	????????	?????? - ??? ?????
10/11/2020	???? ????	???????	??????	?????? - ??? ?????
8/11/2020	???? ????	????????? ?????	???????? ?????????	?????? - ??? ?????
8/11/2020	???? ????	??? ???????	???????? ?????????	?????? - ??? ?????
8/11/2020	???? ???????	??? ???????	???????? ?????????	?????? - ??? ?????
7/11/2020	????? ??????	??????	??????? ?????	????? - ??? ?????
7/11/2020	????? ?????	??????? ?????	??????	????? - ??? ?????
7/11/2020	????? ?????????	??????	????	????? - ??? ?????
7/11/2020	????? ?????????	???????	??????? ?????	?????? - ??? ?????
7/11/2020	????? ??????	??????	????	?????? - ??? ?????
5/11/2020	???? ????	??????	????? ??????	????? - ??? ?????
3/11/2020	???? ????	???? ???	??????	?????? - ?????? ??
2/11/2020	???? ???	???? ???	??????	?????? - ?????? ??
1/11/2020	???? ????	????? ?????	??????? ????????	????? - ??? ?????
1/11/2020	????? ?????	???? ???	??????	?????? - ?????? ??
1/11/2020	???? ????	???????	??????	?????? - ??? ?????
31-10-2020	???? ???? ?????	??????? ??????	??????	?????? - ?????? ??
25-10-2020	???? ?????? ?????	??????	?????	?????? - ??? ?????
24-10-2020	????? ??????	??????? ??????	?????	?????? - ??? ?????
22-10-2020	??? ????	??????? ?? ???????	??????????	?????? - ??? ?????
18-10-2020	???? ?????	??? ??????? ??????	???????	????? - ??? ?????
18-10-2020	???? ?????	??????	?????	?????? - ??? ?????
18-10-2020	?? ?????	???? ????????	??????	"?????? - 81,000,000  ????"
9/10/2020	????? ????????	??????	????	?????? - ?????? ??
7/10/2020	????? ????????	????? ?????	???????	"?????? - 48,000,000  ???? ????????"
5/10/2020	?????? ?????	?????	????? ??? ??????	????? - ??? ?????
5/10/2020	?????? ??????	????? ?????	????????	????? - ??? ?????
5/10/2020	????? ?????	??????????	????	?????? - ?????? ??
8/9/2020	?????? ????	???????	????? ??? ??????	?????? - ??? ?????
8/9/2020	?????? ????????	???????	????????	?????? - ??? ?????
8/9/2020	???????? ???????? ???????	??????? ????????	????????	????? - ??? ?????
8/9/2020	????? ??????	?????	????	?????? - ??? ?????
7/9/2020	????? ????	?????????? ????	????????	?????? - ??? ?????
1/9/2020	???? ????	???????	???????	"?????? - 70,000,000  ????"
24-08-2020	???????? ??????	????? ?????	????????	????? - ??? ?????
8/8/2020	????? ???????	???? ?????	????? ??? ??????	????? - ??? ?????
9/7/2020	???? ???? ????	????????? ?????	??????	?????? - ??? ?????
11/4/2020	???? ????	??????	????????	?????? - ?????? ??
	???? ????????? ?????	unknown	???? ?????	unknown
	?????? ??????	unknown	???????	unknown
	????? ?????	unknown	????	unknown
	????? ?????	unknown	?????? ??????	unknown
	???? ??????	unknown	?????? ???????	unknown
	??????? ????	unknown	???? ??????????	unknown
